No,기관코드,기관명,요양번호,기관분류,의료기관분류,지역,기관주소(도로명),시도,시군구,행정구역,x,y
1,A1300002,경북대학교병원,37100017,상급종합병원,권역응급의료센터,대구,"대구광역시 중구 동덕로 130, (삼덕동2가,경북대학교병원)",대구광역시,중구,대구광역시_중구,128.6048832,35.8661467
2,A2400002,단국대학교의과대학부속병원,34100199,상급종합병원,권역응급의료센터,충남,"충청남도 천안시 동남구 망향로 201, (안서동, 단국대학교의과대학부속병원)",충청남도,천안시,충청남도_천안시,127.1731408,36.8425153
3,A1200002,부산대학교병원,21100021,상급종합병원,권역응급의료센터,부산,"부산광역시 서구 구덕로 179, (아미동1가,부산대학병원)",부산광역시,서구,부산광역시_서구,129.0185286,35.1006799
4,A2100001,분당서울대학교병원,31100813,상급종합병원,권역응급의료센터,경기,"경기도 성남시 분당구 구미로173번길 82, (구미동)",경기도,성남시,경기도_성남시,127.1245328,37.350307
5,A1100017,서울대학교병원,11100079,상급종합병원,권역응급의료센터,서울,"서울특별시 종로구 대학로 101, (연건동)",서울특별시,종로구,서울특별시_종로구,126.9992297,37.5788566
6,A2100002,아주대학교병원,31100473,상급종합병원,권역응급의료센터,경기,"경기도 수원시 영통구 월드컵로 164, (원천동)",경기도,수원시,경기도_수원시,127.0477479,37.2795738
7,A2200001,연세대학교원주세브란스기독병원,32100035,상급종합병원,권역응급의료센터,강원,"강원도 원주시 일산로 20, (일산동)",강원도,원주시,강원도_원주시,127.9459235,37.3487492
8,A1400001,의료법인길의료재단길병원,31100309,상급종합병원,권역응급의료센터,인천,"인천광역시 남동구 남동대로774번길 21, (구월동)",인천광역시,남동구,인천광역시_남동구,126.7092242,37.4521151
9,A1500002,전남대학교병원,36100013,상급종합병원,권역응급의료센터,광주,"광주광역시 동구 제봉로 42, (학동)",광주광역시,동구,광주광역시_동구,126.9222241,35.1413793
10,A2500002,전북대학교병원,35100010,상급종합병원,권역응급의료센터,전북,"전라북도 전주시 덕진구 건지로 20, (금암동)",전라북도,전주시,전라북도_전주시,127.1399675,35.8473763
11,A1600001,충남대학교병원,34100016,상급종합병원,권역응급의료센터,대전,대전광역시 중구 문화로 282 충남대학교병원,대전광역시,중구,대전광역시_중구,127.4160785,36.3166222
12,A2300001,충북대학교병원,33100128,상급종합병원,권역응급의료센터,충북,"충청북도 청주시 서원구 1순환로 776, (개신동)",충청북도,청주시,충청북도_청주시,127.458261,36.6264471
13,A1700004,학교법인울산공업학원울산대학교병원,38100231,상급종합병원,권역응급의료센터,울산,"울산광역시 동구 방어진순환도로 877, (전하동)",울산광역시,동구,울산광역시_동구,129.428505,35.5201283
14,A1500001,조선대학교병원,36100021,상급종합병원,전문응급의료센터,광주,"광주광역시 동구 필문대로 365, (학동)",광주광역시,동구,광주광역시_동구,126.9261655,35.1387281
15,A1100008,(학)고려중앙학원고려대학교의과대학부속병원(안암병원),11100117,상급종합병원,지역응급의료센터,서울,"서울특별시 성북구 인촌로 73, (안암동5가)",서울특별시,성북구,서울특별시_성북구,127.0269126,37.5874046
16,A1200001,(학교법인)인제대학교부산백병원,21100063,상급종합병원,지역응급의료센터,부산,부산광역시 부산진구 복지로 75 (개금동),부산광역시,부산진구,부산광역시_부산진구,129.0206944,35.1459388
17,A1400012,가톨릭대학교인천성모병원,31100031,상급종합병원,지역응급의료센터,인천,"인천광역시 부평구 동수로 56, (부평동)",인천광역시,부평구,인천광역시_부평구,126.7250301,37.4843904
18,A1100002,건국대학교병원,11100435,상급종합병원,지역응급의료센터,서울,"서울특별시 광진구 능동로 120-1, (화양동)",서울특별시,광진구,서울특별시_광진구,127.0719694,37.5405799
19,A2800001,경상대학교병원,38100215,상급종합병원,지역응급의료센터,경남,"경상남도 진주시 강남로 79, (칠암동,경상대학교병원)",경상남도,진주시,경상남도_진주시,128.0951433,35.1760806
20,A1100001,경희대학교병원,11100168,상급종합병원,지역응급의료센터,서울,"서울특별시 동대문구 경희대로 23, (회기동)",서울특별시,동대문구,서울특별시_동대문구,127.052384,37.5949193
21,A1300003,계명대학교동산병원,37100025,상급종합병원,지역응급의료센터,대구,"대구광역시 중구 달성로 56, (동산동,계명대학교동산의료원)",대구광역시,중구,대구광역시_중구,128.5833659,35.8688399
22,A1100014,고려대의과대학부속구로병원,11100494,상급종합병원,지역응급의료센터,서울,"서울특별시 구로구 구로동로 148, (구로동)",서울특별시,구로구,서울특별시_구로구,126.8850254,37.4918565
23,A2100003,고려대의과대학부속안산병원,31100252,상급종합병원,지역응급의료센터,경기,"경기도 안산시 단원구 적금로 123, (고잔동)",경기도,안산시,경기도_안산시,126.8251472,37.3190858
24,A1200004,고신대학교복음병원,21100039,상급종합병원,지역응급의료센터,부산,"부산광역시 서구 감천로 262, (암남동)",부산광역시,서구,부산광역시_서구,129.0134311,35.0813966
25,A1300004,대구가톨릭대학교병원,37100092,상급종합병원,지역응급의료센터,대구,"대구광역시 남구 두류공원로17길 33, (대명동)",대구광역시,남구,대구광역시_남구,128.5673839,35.8435443
26,A1200003,동아대학교병원,21100390,상급종합병원,지역응급의료센터,부산,"부산광역시 서구 대신공원로 26, 동아대학교병원 (동대신동3가)",부산광역시,서구,부산광역시_서구,129.0181589,35.1203425
27,A1100010,삼성서울병원,11100958,상급종합병원,지역응급의료센터,서울,"서울특별시 강남구 일원로 81, (일원동)",서울특별시,강남구,서울특별시_강남구,127.0869724,37.4887151
28,A1100006,삼성의료재단강북삼성병원,11100095,상급종합병원,지역응급의료센터,서울,"서울특별시 종로구 새문안로 29, (평동)",서울특별시,종로구,서울특별시_종로구,126.9673698,37.5683104
29,A2800011,양산부산대학교병원,38100509,상급종합병원,지역응급의료센터,경남,"경상남도 양산시 물금읍 금오로 20, (양산부산대학교병원)",경상남도,양산시,경상남도_양산시,129.0061978,35.3274449
30,A1100015,연세대학교의과대학강남세브란스병원,11100443,상급종합병원,지역응급의료센터,서울,"서울특별시 강남구 언주로 211, (도곡동)",서울특별시,강남구,서울특별시_강남구,127.0464852,37.4926753
31,A1300001,영남대학교병원,37100149,상급종합병원,지역응급의료센터,대구,"대구광역시 남구 현충로 170, (대명동,영남대학교의료원)",대구광역시,남구,대구광역시_남구,128.5848113,35.8470209
32,A2500001,원광대학교의과대학병원,35100061,상급종합병원,지역응급의료센터,전북,"전라북도 익산시 무왕로 895, (신동)",전라북도,익산시,전라북도_익산시,126.9594563,35.9659633
33,A1100005,이화여자대학교의과대학부속목동병원,11100915,상급종합병원,지역응급의료센터,서울,"서울특별시 양천구 안양천로 1071, (목동)",서울특별시,양천구,서울특별시_양천구,126.8866836,37.5362932
34,A1400002,인하대학교의과대학부속병원,31100554,상급종합병원,지역응급의료센터,인천,"인천광역시 중구 인항로 27, (신흥동3가)",인천광역시,중구,인천광역시_중구,126.6340935,37.458704
35,A1100009,재단법인아산사회복지재단서울아산병원,11100800,상급종합병원,지역응급의료센터,서울,"서울특별시 송파구 올림픽로43길 88, (풍납동,서울아산병원)",서울특별시,송파구,서울특별시_송파구,127.1097067,37.5263455
36,A1100003,중앙대학교병원,11100052,상급종합병원,지역응급의료센터,서울,"서울특별시 동작구 흑석로 102, (흑석동)",서울특별시,동작구,서울특별시_동작구,126.9605696,37.506962
37,A1100012,학교법인가톨릭학원가톨릭대학교서울성모병원,11100338,상급종합병원,지역응급의료센터,서울,"서울특별시 서초구 반포대로 222, (반포동)",서울특별시,서초구,서울특별시_서초구,127.0055016,37.5004919
38,A2100005,학교법인동은학원순천향대학교부속부천병원,31100767,상급종합병원,지역응급의료센터,경기,"경기도 부천시 원미구 조마루로 170, (중동)",경기도,부천시,경기도_부천시,126.7626598,37.4980717
39,A2400001,학교법인동은학원순천향대학교부속천안병원,34100296,상급종합병원,지역응급의료센터,충남,충청남도 천안시 동남구 순천향6길 31 (봉명동),충청남도,천안시,충청남도_천안시,127.1360254,36.8029518
40,A1100007,학교법인연세대학교의과대학세브란스병원,11100206,상급종합병원,지역응급의료센터,서울,서울특별시 서대문구 연세로 50-1,서울특별시,서대문구,서울특별시_서대문구,126.9397435,37.5615511
41,A2100004,한림대학교성심병원,31100627,상급종합병원,지역응급의료센터,경기,"경기도 안양시 동안구 관평로170번길 22, (평촌동)",경기도,안양시,경기도_안양시,126.9619495,37.3916394
42,A1100013,한양대학교병원,11100184,상급종합병원,지역응급의료센터,서울,서울특별시 성동구 왕십리로 222-1,서울특별시,성동구,서울특별시_성동구,127.0437999,37.5586733
43,A2600001,화순전남대학교병원,36100498,상급종합병원,지역응급의료센터,전남,"전라남도 화순군 화순읍 서양로 322,",전라남도,화순군,전라남도_화순군,127.0021976,35.059631
44,A2100040,가톨릭대학교의정부성모병원,31100295,종합병원,권역응급의료센터,경기,"경기도 의정부시 천보로 271, (금오동)",경기도,의정부시,경기도_의정부시,127.0779677,37.7586493
45,A2200008,강릉아산병원,32100191,종합병원,권역응급의료센터,강원,"강원도 강릉시 사천면 방동길 38,",강원도,강릉시,강원도_강릉시,128.8578312,37.8184118
46,A2600011,목포한국병원,36100439,종합병원,권역응급의료센터,전남,"전라남도 목포시 영산로 483, (상동)",전라남도,목포시,전라남도_목포시,126.4164313,34.8089329
47,A2100042,의료법인명지의료재단명지병원,31100376,종합병원,권역응급의료센터,경기,"경기도 고양시 덕양구 화수로14번길 55, (화정동)",경기도,고양시,경기도_고양시,126.8306261,37.6421981
48,A2700014,의료법인안동병원,37100122,종합병원,권역응급의료센터,경북,경상북도 안동시 앙실로 11 (수상동),경상북도,안동시,경상북도_안동시,128.7011385,36.5466703
49,A2900001,제주한라병원,39100022,종합병원,권역응급의료센터,제주,"제주특별자치도 제주시 도령로 65, (연동)",제주특별자치도,제주시,제주특별자치도_제주시,126.4850412,33.4899163
50,A2800020,학교법인성균관대학삼성창원병원,38100525,종합병원,권역응급의료센터,경남,"경상남도 창원시 마산회원구 팔용로 158, (합성동)",경상남도,창원시,경상남도_창원시,128.5922622,35.2425828
51,A1100038,한림대학교한강성심병원,11100257,종합병원,전문응급의료센터,서울,"서울특별시 영등포구 버드나루로7길 12, (영등포동7가,한강성심병원)",서울특별시,영등포구,서울특별시_영등포구,126.9096854,37.5231725
52,A2100019,(의)영문의료재단다보스병원,31100953,종합병원,지역응급의료센터,경기,"경기도 용인시 처인구 백옥대로1082번길 18, (김량장동)",경기도,용인시,경기도_용인시,127.2113646,37.2314508
53,A1400015,가톨릭관동대국제성모병원,31101186,종합병원,지역응급의료센터,인천,인천광역시 서구 심곡로100번길 25 (심곡동),인천광역시,서구,인천광역시_서구,126.6835684,37.5423217
54,A2100052,가톨릭대학교부천성모병원,31100210,종합병원,지역응급의료센터,경기,"경기도 부천시 원미구 소사로 327, (소사동)",경기도,부천시,경기도_부천시,126.7928281,37.4870849
55,A1100034,가톨릭대학교성바오로병원,11100150,종합병원,지역응급의료센터,서울,"서울특별시 동대문구 왕산로 180, (전농동)",서울특별시,동대문구,서울특별시_동대문구,127.0435026,37.5792687
56,A2100012,가톨릭대학교성빈센트병원,31100058,종합병원,지역응급의료센터,경기,"경기도 수원시 팔달구 중부대로 93, (지동)",경기도,수원시,경기도_수원시,127.0274502,37.2778319
57,A1100011,가톨릭대학교여의도성모병원,11100028,종합병원,지역응급의료센터,서울,"서울특별시 영등포구 63로 10, (여의도동)",서울특별시,영등포구,서울특별시_영등포구,126.9360961,37.5179441
58,A2100029,강남병원,31100716,종합병원,지역응급의료센터,경기,"경기도 용인시 기흥구 중부대로 411, (신갈동)",경기도,용인시,경기도_용인시,127.1115733,37.2737805
59,A1100043,강동경희대학교의대병원,11101270,종합병원,지역응급의료센터,서울,"서울특별시 강동구 동남로 892, (상일동)",서울특별시,강동구,서울특별시_강동구,127.1573533,37.5530328
60,A2200009,강원대학교병원,32100213,종합병원,지역응급의료센터,강원,"강원도 춘천시 백령로 156, (효자동)",강원도,춘천시,강원도_춘천시,127.7445841,37.8748876
61,A2200007,강원도삼척의료원,32100060,종합병원,지역응급의료센터,강원,"강원도 삼척시 오십천로 418, (남양동)",강원도,삼척시,강원도_삼척시,129.1640091,37.4401864
62,A2200012,강원도속초의료원,32100141,종합병원,지역응급의료센터,강원,강원도 속초시 영랑호반길 3,강원도,속초시,강원도_속초시,128.5887079,38.2165369
63,A2300010,건국대학교의료원충주병원,33100136,종합병원,지역응급의료센터,충북,"충청북도 충주시 국원대로 82, (교현동)",충청북도,충주시,충청북도_충주시,127.9288211,36.9788872
64,A1400010,검단탑병원,31100970,종합병원,지역응급의료센터,인천,"인천광역시 서구 청마로19번길 5, (당하동)",인천광역시,서구,인천광역시_서구,126.6709124,37.5929338
65,A2100193,경기도의료원이천병원,31101151,종합병원,지역응급의료센터,경기,"경기도 이천시 경충대로 2742, (관고동)",경기도,이천시,경기도_이천시,127.4326846,37.2827654
66,A2100035,경기도의료원파주병원,31100325,종합병원,지역응급의료센터,경기,"경기도 파주시 중앙로 207, (금촌동)",경기도,파주시,경기도_파주시,126.7798547,37.7548407
67,A2100031,경기도의료원포천병원,31100317,종합병원,지역응급의료센터,경기,"경기도 포천시 포천로 1648, (신읍동)",경기도,포천시,경기도_포천시,127.1981213,37.9032122
68,A2100033,국민건강보험공단일산병원,31100678,종합병원,지역응급의료센터,경기,"경기도 고양시 일산동구 일산로 100, (백석동)",경기도,고양시,경기도_고양시,126.7931791,37.6456142
69,A2100053,김포우리병원,31101089,종합병원,지역응급의료센터,경기,"경기도 김포시 감암로 11, (걸포동)",경기도,김포시,경기도_김포시,126.710702,37.6323078
70,A1300009,대구파티마병원,37100033,종합병원,지역응급의료센터,대구,"대구광역시 동구 아양로 99, (신암동)",대구광역시,동구,대구광역시_동구,128.6239258,35.8841207
71,A2100025,대진의료재단분당제생병원,31100571,종합병원,지역응급의료센터,경기,"경기도 성남시 분당구 서현로180번길 20, (서현동)",경기도,성남시,경기도_성남시,127.1216317,37.3881037
72,A1700002,동강병원,38100088,종합병원,지역응급의료센터,울산,"울산광역시 중구 태화로 239, (태화동)",울산광역시,중구,울산광역시_중구,129.3020779,35.5536639
73,A2700003,동국대학교의과대학경주병원,37100203,종합병원,지역응급의료센터,경북,"경상북도 경주시 동대로 87, (석장동)",경상북도,경주시,경상북도_경주시,129.1946885,35.8581965
74,A2100047,동국대학교일산불교병원,31100881,종합병원,지역응급의료센터,경기,"경기도 고양시 일산동구 동국로 27, (식사동)",경기도,고양시,경기도_고양시,126.806397,37.6764101
75,A2600017,목포중앙병원,36100552,종합병원,지역응급의료센터,전남,"전라남도 목포시 영산로 623, (석현동)",전라남도,목포시,전라남도_목포시,126.4207694,34.8209866
76,A1200007,비에이치에스한서병원,21100551,종합병원,지역응급의료센터,부산,"부산광역시 수영구 수영로 615, (광안동)",부산광역시,수영구,부산광역시_수영구,129.1132002,35.1607723
77,A1100021,삼육서울병원,11100141,종합병원,지역응급의료센터,서울,"서울특별시 동대문구 망우로 82, (휘경동)",서울특별시,동대문구,서울특별시_동대문구,127.0642698,37.5880311
78,A1500020,서광병원,36100731,종합병원,지역응급의료센터,광주,"광주광역시 서구 금화로59번길 6, (금호동)",광주광역시,서구,광주광역시_서구,126.8557059,35.1325308
79,A1100040,서울특별시보라매병원,11100249,종합병원,지역응급의료센터,서울,"서울특별시 동작구 보라매로5길 20, (신대방동)",서울특별시,동작구,서울특별시_동작구,126.9243576,37.4932664
80,A1100035,서울특별시서울의료원,11101326,종합병원,지역응급의료센터,서울,"서울특별시 중랑구 신내로 156, (신내동)",서울특별시,중랑구,서울특별시_중랑구,127.0986633,37.6128791
81,A2600019,성가롤로병원,36100331,종합병원,지역응급의료센터,전남,"전라남도 순천시 순광로 221, (조례동)",전라남도,순천시,전라남도_순천시,127.5428935,34.964372
82,A1100028,성심의료재단강동성심병원,11100729,종합병원,지역응급의료센터,서울,"서울특별시 강동구 성안로 150, (길동,강동성심병원)",서울특별시,강동구,서울특별시_강동구,127.135334,37.5359699
83,A1100054,성애의료재단성애병원,11100397,종합병원,지역응급의료센터,서울,"서울특별시 영등포구 여의대방로53길 22, (신길동,성애병원)",서울특별시,영등포구,서울특별시_영등포구,126.9222777,37.5120882
84,A2100055,세종병원,31100121,종합병원,지역응급의료센터,경기,"경기도 부천시 소사구 호현로489번길 28, (소사본동,세종병원)",경기도,부천시,경기도_부천시,126.7915089,37.4812327
85,A1100004,순천향대학교서울병원,11100222,종합병원,지역응급의료센터,서울,"서울특별시 용산구 대사관로 59, (한남동)",서울특별시,용산구,서울특별시_용산구,127.0045029,37.5339664
86,A2700004,안동성소병원,37100114,종합병원,지역응급의료센터,경북,"경상북도 안동시 서동문로 99, (금곡동)",경상북도,안동시,경상북도_안동시,128.7229127,36.5676285
87,A2600014,여천전남병원,36100412,종합병원,지역응급의료센터,전남,"전라남도 여수시 무선로 95, (선원동)",전라남도,여수시,전라남도_여수시,127.6542568,34.7690473
88,A2100048,원광대학교의과대학산본병원,31100732,종합병원,지역응급의료센터,경기,"경기도 군포시 산본로 321, (산본동)",경기도,군포시,경기도_군포시,126.9336197,37.3594087
89,A1100048,을지병원,11101016,종합병원,지역응급의료센터,서울,"서울특별시 노원구 한글비석로 68, (하계동)",서울특별시,노원구,서울특별시_노원구,127.0699513,37.6364346
90,A2800014,의료법인갑을의료재단갑을장유병원,38100541,종합병원,지역응급의료센터,경남,"경상남도 김해시 장유로 167-13, (부곡동)",경상남도,김해시,경상남도_김해시,128.8056012,35.20863
91,A2200005,의료법인강릉동인병원,32100094,종합병원,지역응급의료센터,강원,"강원도 강릉시 강릉대로419번길 42, (포남동)",강원도,강릉시,강원도_강릉시,128.9071764,37.7743341
92,A2100007,의료법인광명성애병원,31100228,종합병원,지역응급의료센터,경기,"경기도 광명시 디지털로 36, (철산동)",경기도,광명시,경기도_광명시,126.8719846,37.4732253
93,A1200010,의료법인기독교한국침례회의료재단왈레스기념침례병원,21100047,종합병원,지역응급의료센터,부산,"부산광역시 금정구 금단로 200, (남산동)",부산광역시,금정구,부산광역시_금정구,129.0940623,35.2675253
94,A2100009,의료법인녹산의료재단동수원병원,31100180,종합병원,지역응급의료센터,경기,"경기도 수원시 팔달구 중부대로 165, (우만동)",경기도,수원시,경기도_수원시,127.0343772,37.2784473
95,A2100017,의료법인대아의료재단한도병원,31100899,종합병원,지역응급의료센터,경기,"경기도 안산시 단원구 선부광장로 103, (선부동)",경기도,안산시,경기도_안산시,126.8076153,37.3340482
96,A1600008,의료법인대전선병원,34100091,종합병원,지역응급의료센터,대전,"대전광역시 중구 목중로 29, (목동)",대전광역시,중구,대전광역시_중구,127.4102304,36.3360334
97,A2700012,의료법인덕산의료재단김천제일병원,37100416,종합병원,지역응급의료센터,경북,"경상북도 김천시 신음1길 12, (신음동)",경상북도,김천시,경상북도_김천시,128.1188209,36.1354534
98,A2700006,의료법인동춘의료재단문경제일병원,37100106,종합병원,지역응급의료센터,경북,"경상북도 문경시 당교3길 25, (모전동)",경상북도,문경시,경상북도_문경시,128.1889127,36.5843875
99,A1400003,의료법인루가의료재단나은병원,31100724,종합병원,지역응급의료센터,인천,"인천광역시 서구 원적로 23, (가좌동)",인천광역시,서구,인천광역시_서구,126.6797779,37.4890201
100,A2100028,의료법인백송의료재단굿모닝병원,31100775,종합병원,지역응급의료센터,경기,"경기도 평택시 중앙로 338, (합정동)",경기도,평택시,경기도_평택시,127.1205495,36.9907094
101,A2400009,의료법인백제병원,34100067,종합병원,지역응급의료센터,충남,"충청남도 논산시 시민로294번길 14, (취암동)",충청남도,논산시,충청남도_논산시,127.0945043,36.1924198
102,A2800016,의료법인보원의료재단김해중앙병원,38100533,종합병원,지역응급의료센터,경남,"경상남도 김해시 분성로 94-8, (외동)",경상남도,김해시,경상남도_김해시,128.856969,35.230677
103,A2500005,의료법인영경의료재단전주병원,35100214,종합병원,지역응급의료센터,전북,"전라북도 전주시 완산구 한두평3길 13, (중화산동2가)",전라북도,전주시,전라북도_전주시,127.1247549,35.8153152
104,A2400012,의료법인영서의료재단천안충무병원,34100253,종합병원,지역응급의료센터,충남,충청남도 천안시 서북구 다가말3길 8 (쌍용동),충청남도,천안시,충청남도_천안시,127.1314935,36.7974037
105,A1200005,의료법인은성의료재단좋은삼선병원,21100501,종합병원,지역응급의료센터,부산,"부산광역시 사상구 가야대로 326, (주례동)",부산광역시,사상구,부산광역시_사상구,129.0078433,35.1503641
106,A1400014,의료법인인성의료재단한림병원,31100830,종합병원,지역응급의료센터,인천,"인천광역시 계양구 장제로 722, (작전동)",인천광역시,계양구,인천광역시_계양구,126.7343539,37.5322089
107,A1400016,의료법인인천사랑병원,31100619,종합병원,지역응급의료센터,인천,"인천광역시 남구 미추홀대로 726, (주안동)",인천광역시,남구,인천광역시_남구,126.6806792,37.4621977
108,A2300005,의료법인자산의료재단제천서울병원,33100110,종합병원,지역응급의료센터,충북,충청북도 제천시 숭문로 57 (서부동),충청북도,제천시,충청북도_제천시,128.2061642,37.1387287
109,A2900006,의료법인중앙의료재단에스-중앙병원,39100171,종합병원,지역응급의료센터,제주,"제주특별자치도 제주시 월랑로 91, (이호이동)",제주특별자치도,제주시,제주특별자치도_제주시,126.4705922,33.4922812
110,A2700002,의료법인한성재단포항세명기독병원,37100211,종합병원,지역응급의료센터,경북,"경상북도 포항시 남구 포스코대로 351, (대도동)",경상북도,포항시,경상북도_포항시,129.3617669,36.0178854
111,A2100041,의료법인한양의료재단남양주한양병원,31100996,종합병원,지역응급의료센터,경기,"경기도 남양주시 오남읍 양지로 47-55,",경기도,남양주시,경기도_남양주시,127.2044826,37.6824973
112,A1100020,의료법인한전의료재단한전병원,11101199,종합병원,지역응급의료센터,서울,"서울특별시 도봉구 우이천로 308, (쌍문동)",서울특별시,도봉구,서울특별시_도봉구,127.0286111,37.6457335
113,A2100015,의료법인효산의료재단안양샘병원,31100597,종합병원,지역응급의료센터,경기,"경기도 안양시 만안구 삼덕로 9, (안양동,안양샘병원)",경기도,안양시,경기도_안양시,126.9245805,37.3932247
114,A1100016,인제대학교상계백병원,11100818,종합병원,지역응급의료센터,서울,"서울특별시 노원구 동일로 1342, (상계동)",서울특별시,노원구,서울특별시_노원구,127.0631253,37.6485805
115,A2100038,인제대학교일산백병원,31100651,종합병원,지역응급의료센터,경기,"경기도 고양시 일산서구 주화로 170, (대화동)",경기도,고양시,경기도_고양시,126.7503763,37.674271
116,A1200022,인제대학교해운대백병원,21100608,종합병원,지역응급의료센터,부산,"부산광역시 해운대구 해운대로 875, (좌동)",부산광역시,해운대구,부산광역시_해운대구,129.1821128,35.1732524
117,A1500021,재단법인광주기독병원,36100030,종합병원,지역응급의료센터,광주,"광주광역시 남구 양림로 37, (양림동)",광주광역시,남구,광주광역시_남구,126.9120485,35.1366732
118,A2800004,재단법인대구포교성베네딕도수녀회창원파티마병원,38100118,종합병원,지역응급의료센터,경남,"경상남도 창원시 의창구 창이대로 45, (명서동)",경상남도,창원시,경상남도_창원시,128.645773,35.2371891
119,A2500006,재단법인예수병원유지재단예수병원,35100028,종합병원,지역응급의료센터,전북,"전라북도 전주시 완산구 서원로 365, (중화산동1가)",전라북도,전주시,전라북도_전주시,127.1329653,35.8143382
120,A2500007,전라북도군산의료원,35100095,종합병원,지역응급의료센터,전북,"전라북도 군산시 의료원로 27, (지곡동,군산의료원)",전라북도,군산시,전라북도_군산시,126.7123791,35.9546621
121,A2500004,전라북도남원의료원,35100087,종합병원,지역응급의료센터,전북,"전라북도 남원시 충정로 365, (고죽동)",전라북도,남원시,전라북도_남원시,127.4065163,35.4325641
122,A2800003,제일병원,38100550,종합병원,지역응급의료센터,경남,"경상남도 진주시 진주대로 885, (강남동)",경상남도,진주시,경상남도_진주시,128.0902504,35.1794376
123,A2900007,제주대학교병원,39100103,종합병원,지역응급의료센터,제주,"제주특별자치도 제주시 아란13길 15, (아라일동)",제주특별자치도,제주시,제주특별자치도_제주시,126.5452685,33.467161
124,A2900002,제주특별자치도서귀포의료원,39100090,종합병원,지역응급의료센터,제주,"제주특별자치도 서귀포시 장수로 47, (동홍동)",제주특별자치도,서귀포시,제주특별자치도_서귀포시,126.5642445,33.2558416
125,A2100054,지샘병원,31101127,종합병원,지역응급의료센터,경기,"경기도 군포시 군포로 591, (당동)",경기도,군포시,경기도_군포시,126.9474131,37.3586672
126,A2700007,차의과학대학교부속구미차병원,37100343,종합병원,지역응급의료센터,경북,경상북도 구미시 신시로10길 12 (형곡동),경상북도,구미시,경상북도_구미시,128.3405487,36.114524
127,A2100030,차의과학대학교분당차병원,31100511,종합병원,지역응급의료센터,경기,"경기도 성남시 분당구 야탑로 59, (야탑동)",경기도,성남시,경기도_성남시,127.1254736,37.4102534
128,A1500011,첨단종합병원,36100641,종합병원,지역응급의료센터,광주,"광주광역시 광산구 첨단중앙로170번길 59, (쌍암동)",광주광역시,광산구,광주광역시_광산구,126.8452922,35.2211002
129,A2300008,청주성모병원,33100161,종합병원,지역응급의료센터,충북,"충청북도 청주시 청원구 주성로 173-19, (주중동)",충청북도,청주시,충청북도_청주시,127.4860096,36.6739192
130,A2400006,충청남도서산의료원,34100164,종합병원,지역응급의료센터,충남,"충청남도 서산시 중앙로 149, (석림동)",충청남도,서산시,충청남도_서산시,126.4653195,36.7754267
131,A2400007,충청남도홍성의료원,34100121,종합병원,지역응급의료센터,충남,"충청남도 홍성군 홍성읍 조양로 224,",충청남도,홍성군,충청남도_홍성군,126.6744199,36.5987584
132,A2700010,포항선린병원,37100432,종합병원,지역응급의료센터,경북,"경상북도 포항시 북구 대신로 43, (대신동)",경상북도,포항시,경상북도_포항시,129.3670468,36.0480255
133,A2700016,포항성모병원,37100068,종합병원,지역응급의료센터,경북,"경상북도 포항시 남구 대잠동길 17, (대잠동)",경상북도,포항시,경상북도_포항시,129.3397893,36.0151769
134,A1500017,하남성심병원,36100340,종합병원,지역응급의료센터,광주,"광주광역시 광산구 용아로 259, (산정동)",광주광역시,광산구,광주광역시_광산구,126.8006951,35.1666657
135,A1600005,학교법인가톨릭학원가톨릭대학교대전성모병원,34100032,종합병원,지역응급의료센터,대전,"대전광역시 중구 대흥로 64, (대흥동)",대전광역시,중구,대전광역시_중구,127.4200175,36.3230853
136,A1600006,학교법인건양학원건양대학교병원,34100245,종합병원,지역응급의료센터,대전,"대전광역시 서구 관저동로 158, (가수원동)",대전광역시,서구,대전광역시_서구,127.3429901,36.3073565
137,A2700013,학교법인동은학원순천향대학교부속구미병원,37100441,종합병원,지역응급의료센터,경북,"경상북도 구미시 1공단로 179, (공단동)",경상북도,구미시,경상북도_구미시,128.3826588,36.1030677
138,A1600002,학교법인을지대학교병원,34100041,종합병원,지역응급의료센터,대전,"대전광역시 서구 둔산서로 95, (둔산동)",대전광역시,서구,대전광역시_서구,127.381974,36.3553125
139,A1100033,학교법인인제학원인제대학교부속서울백병원,11100036,종합병원,지역응급의료센터,서울,"서울특별시 중구 마른내로 9, (저동2가)",서울특별시,중구,서울특별시_중구,126.9888329,37.5649011
140,A1100053,한국보훈복지의료공단중앙보훈병원,11100231,종합병원,지역응급의료센터,서울,"서울특별시 강동구 진황도로61길 53, (둔촌동)",서울특별시,강동구,서울특별시_강동구,127.1478475,37.5290867
141,A1100055,한림대학교강남성심병원,11100303,종합병원,지역응급의료센터,서울,"서울특별시 영등포구 신길로 1, (대림동,강남성심병원)",서울특별시,영등포구,서울특별시_영등포구,126.908684,37.4932758
142,A2100046,한림대학교동탄성심병원,31101097,종합병원,지역응급의료센터,경기,"경기도 화성시 큰재봉길 7, (석우동)",경기도,화성시,경기도_화성시,127.0799422,37.2165358
143,A2200013,한림대학부속춘천성심병원,32100124,종합병원,지역응급의료센터,강원,"강원도 춘천시 삭주로 77, (교동)",강원도,춘천시,강원도_춘천시,127.7402207,37.8841766
144,A2800007,한마음병원,38100487,종합병원,지역응급의료센터,경남,"경상남도 창원시 성산구 원이대로682번길 21, (상남동)",경상남도,창원시,경상남도_창원시,128.6868481,35.2209991
145,A2900005,한마음병원,39100162,종합병원,지역응급의료센터,제주,"제주특별자치도 제주시 연신로 52, (이도이동)",제주특별자치도,제주시,제주특별자치도_제주시,126.5462667,33.4962756
146,A2100039,한양대학교구리병원,31100538,종합병원,지역응급의료센터,경기,"경기도 구리시 경춘로 153, (교문동)",경기도,구리시,경기도_구리시,127.1324363,37.6014457
147,A1300081,(재)미리내천주성삼성직수도회천주성삼병원,37100491,종합병원,지역응급의료기관,대구,"대구광역시 수성구 달구벌대로 3190, (신매동)",대구광역시,수성구,대구광역시_수성구,128.705706,35.8402609
148,A1500019,KS병원,36100811,종합병원,지역응급의료기관,광주,"광주광역시 광산구 왕버들로 220, (수완동)",광주광역시,광산구,광주광역시_광산구,126.8332011,35.1979002
149,A1100047,강남고려병원,11101075,종합병원,지역응급의료기관,서울,"서울특별시 관악구 관악로 242, (봉천동)",서울특별시,관악구,서울특별시_관악구,126.9567945,37.4856371
150,A2200011,강원도강릉의료원,32100159,종합병원,지역응급의료기관,강원,"강원도 강릉시 경강로 2007, (남문동)",강원도,강릉시,강원도_강릉시,128.8887718,37.749318
151,A2200002,강원도영월의료원,32100078,종합병원,지역응급의료기관,강원,"강원도 영월군 영월읍 중앙1로 59,",강원도,영월군,강원도_영월군,128.4651502,37.186422
152,A2200015,강원도원주의료원,32100086,종합병원,지역응급의료기관,강원,"강원도 원주시 서원대로 387, (개운동)",강원도,원주시,강원도_원주시,127.9485529,37.333008
153,A2100032,경기도의료원수원병원,31100988,종합병원,지역응급의료기관,경기,"경기도 수원시 장안구 수성로245번길 69, (정자동)",경기도,수원시,경기도_수원시,126.9966351,37.2920731
154,A2100045,경기도의료원안성병원,31100341,종합병원,지역응급의료기관,경기,"경기도 안성시 고수2로 17, (당왕동)",경기도,안성시,경기도_안성시,127.257736,37.015013
155,A2100043,경기도의료원의정부병원,31100287,종합병원,지역응급의료기관,경기,"경기도 의정부시 흥선로 142, (의정부동)",경기도,의정부시,경기도_의정부시,127.0425937,37.7410137
156,A2800025,경상남도마산의료원,38100029,종합병원,지역응급의료기관,경남,"경상남도 창원시 마산합포구 3·15대로 231, (중앙동3가)",경상남도,창원시,경상남도_창원시,128.5662705,35.1990246
157,A2700018,경상북도김천의료원,37100394,종합병원,지역응급의료기관,경북,"경상북도 김천시 모암길 24, (모암동)",경상북도,김천시,경상북도_김천시,128.1263781,36.1227104
158,A2700001,경상북도안동의료원,37100351,종합병원,지역응급의료기관,경북,"경상북도 안동시 태사2길 55, (북문동)",경상북도,안동시,경상북도_안동시,128.7320227,36.5681136
159,A2700005,경상북도포항의료원,37100041,종합병원,지역응급의료기관,경북,"경상북도 포항시 북구 용흥로 36, (용흥동)",경상북도,포항시,경상북도_포항시,129.3542624,36.0350758
160,A1100039,경찰병원,11100176,종합병원,지역응급의료기관,서울,"서울특별시 송파구 송이로 123, (가락동)",서울특별시,송파구,서울특별시_송파구,127.1233604,37.4965146
161,A2600006,광양사랑병원,36100781,종합병원,지역응급의료기관,전남,"전라남도 광양시 공영로 71, (중동)",전라남도,광양시,전라남도_광양시,127.696917,34.9361693
162,A1500015,광주병원,36100447,종합병원,지역응급의료기관,광주,"광주광역시 북구 면앙로139번길 51, (두암동, 광주병원)",광주광역시,북구,광주광역시_북구,126.9281632,35.1788485
163,A1500018,광주수완병원,36100803,종합병원,지역응급의료기관,광주,"광주광역시 광산구 임방울대로 370, (수완동)",광주광역시,광산구,광주광역시_광산구,126.8242008,35.1930449
164,A1500009,광주씨티병원,36100510,종합병원,지역응급의료기관,광주,"광주광역시 남구 서문대로654번길 5, (진월동)",광주광역시,남구,광주광역시_남구,126.899498,35.1177299
165,A1500005,광주일곡병원,36100501,종합병원,지역응급의료기관,광주,"광주광역시 북구 양일로 309, (일곡동)",광주광역시,북구,광주광역시_북구,126.897615,35.2028574
166,A1500016,광주한국병원,36100625,종합병원,지역응급의료기관,광주,"광주광역시 서구 월드컵4강로 223, (쌍촌동)",광주광역시,서구,광주광역시_서구,126.8683629,35.1558872
167,A1500003,광주현대병원,36100455,종합병원,지역응급의료기관,광주,"광주광역시 북구 설죽로 291, (용봉동)",광주광역시,북구,광주광역시_북구,126.8979678,35.1856804
168,A1500007,광주희망병원,36100650,종합병원,지역응급의료기관,광주,"광주광역시 북구 하서로 429, (용두동)",광주광역시,북구,광주광역시_북구,126.8747469,35.2134996
169,A1100026,구로성심병원,11101202,종합병원,지역응급의료기관,서울,"서울특별시 구로구 경인로 427, (고척동)",서울특별시,구로구,서울특별시_구로구,126.8663524,37.4995538
170,A2700015,구미강동병원,37100424,종합병원,지역응급의료기관,경북,"경상북도 구미시 인동20길 46, (진평동)",경상북도,구미시,경상북도_구미시,128.4229026,36.0958392
171,A2100049,국립암센터병원,31100741,종합병원,지역응급의료기관,경기,"경기도 고양시 일산동구 일산로 323, (마두동)",경기도,고양시,경기도_고양시,126.7831456,37.6639908
172,A1600009,근로복지공단대전병원,34100326,종합병원,지역응급의료기관,대전,대전광역시 대덕구 계족로 637,대전광역시,대덕구,대전광역시_대덕구,127.4287524,36.368406
173,A2600012,근로복지공단순천병원,36100749,종합병원,지역응급의료기관,전남,"전라남도 순천시 조례1길 24, (조례동)",전라남도,순천시,전라남도_순천시,127.5249664,34.9608055
174,A2100014,근로복지공단안산병원,31101020,종합병원,지역응급의료기관,경기,"경기도 안산시 상록구 구룡로 87, (일동)",경기도,안산시,경기도_안산시,126.8746668,37.3166747
175,A1400032,근로복지공단인천병원,31101208,종합병원,지역응급의료기관,인천,"인천광역시 부평구 무네미로 446, (구산동)",인천광역시,부평구,인천광역시_부평구,126.7544484,37.4756669
176,A2800012,근로복지공단창원병원,38100517,종합병원,지역응급의료기관,경남,"경상남도 창원시 성산구 창원대로 721, (중앙동)",경상남도,창원시,경상남도_창원시,128.6714283,35.2186518
177,A2200004,근로복지공단태백병원,32100221,종합병원,지역응급의료기관,강원,"강원도 태백시 보드미길 8, (장성동)",강원도,태백시,강원도_태백시,129.0043791,37.1040245
178,A2600016,나주종합병원,36100692,종합병원,지역응급의료기관,전남,"전라남도 나주시 영산로 5419, (성북동)",전라남도,나주시,전라남도_나주시,126.7214047,35.0363817
179,A1100044,녹색병원,11101253,종합병원,지역응급의료기관,서울,"서울특별시 중랑구 사가정로49길 53, (면목동)",서울특별시,중랑구,서울특별시_중랑구,127.0860529,37.5835704
180,A2100050,다니엘종합병원,31100856,종합병원,지역응급의료기관,경기,"경기도 부천시 원미구 중동로 361, (약대동)",경기도,부천시,경기도_부천시,126.7694717,37.512307
181,A2400008,당진종합병원,34100351,종합병원,지역응급의료기관,충남,"충청남도 당진시 반촌로 5-15, (시곡동)",충청남도,당진시,충청남도_당진시,126.6840618,36.9044745
182,A1300005,대구가톨릭대학교칠곡가톨릭병원,37100378,종합병원,지역응급의료기관,대구,"대구광역시 북구 칠곡중앙대로 440, (읍내동,대구가톨릭대학교칠곡가톨릭병원)",대구광역시,북구,대구광역시_북구,128.5492621,35.9349228
183,A1300007,대구의료원,37100181,종합병원,지역응급의료기관,대구,"대구광역시 서구 평리로 157, (중리동,대구의료원)",대구광역시,서구,대구광역시_서구,128.540193,35.8594067
184,A1200018,대동병원,21100080,종합병원,지역응급의료기관,부산,"부산광역시 동래구 충렬대로 187, (명륜동)",부산광역시,동래구,부산광역시_동래구,129.0801767,35.2042023
185,A1100037,대림성모병원,11100699,종합병원,지역응급의료기관,서울,"서울특별시 영등포구 시흥대로 657, (대림동)",서울특별시,영등포구,서울특별시_영등포구,126.9071514,37.4905855
186,A2600003,대송의료재단무안병원,36100242,종합병원,지역응급의료기관,전남,"전라남도 무안군 무안읍 몽탄로 65,",전라남도,무안군,전라남도_무안군,126.4893196,34.9920174
187,A1600004,대전보훈병원,34100237,종합병원,지역응급의료기관,대전,"대전광역시 대덕구 대청로82번길 147, (신탄진동)",대전광역시,대덕구,대전광역시_대덕구,127.4399135,36.4467674
188,A1600003,대전한국병원,34100318,종합병원,지역응급의료기관,대전,"대전광역시 동구 동서대로 1672, (성남동)",대전광역시,동구,대전광역시_동구,127.4358185,36.3481976
189,A1602246,대청병원,34100334,종합병원,지역응급의료기관,대전,대전광역시 서구 계백로 1322 (정림동),대전광역시,서구,대전광역시_서구,127.370509,36.3082256
190,A1200011,동래봉생병원,21100519,종합병원,지역응급의료기관,부산,"부산광역시 동래구 안연로109번길 27, (안락동)",부산광역시,동래구,부산광역시_동래구,129.0961755,35.1967033
191,A1500013,동아병원,36100765,종합병원,지역응급의료기관,광주,"광주광역시 남구 대남대로 238, (백운동)",광주광역시,남구,광주광역시_남구,126.8998951,35.1346977
192,A2100021,동의성단원병원,31100929,종합병원,지역응급의료기관,경기,"경기도 안산시 단원구 원포공원1로 20, (초지동)",경기도,안산시,경기도_안산시,126.8132814,37.3002344
193,A1100024,명지성모병원,11100893,종합병원,지역응급의료기관,서울,"서울특별시 영등포구 도림로 156, (대림동)",서울특별시,영등포구,서울특별시_영등포구,126.8992338,37.4938008
194,A2600020,목포기독병원,36100668,종합병원,지역응급의료기관,전남,전라남도 목포시 백년대로 303 (상동),전라남도,목포시,전라남도_목포시,126.4206581,34.804481
195,A2600022,목포시의료원,36100226,종합병원,지역응급의료기관,전남,전라남도 목포시 이로로 18,전라남도,목포시,전라남도_목포시,126.4053019,34.8040464
196,A1500014,미래로21병원,36100714,종합병원,지역응급의료기관,광주,"광주광역시 서구 화운로 1, (화정동,미래로21병원)",광주광역시,서구,광주광역시_서구,126.8852927,35.1409821
197,A2800019,베데스다병원,38100347,종합병원,지역응급의료기관,경남,"경상남도 양산시 신기로 28, (신기동)",경상남도,양산시,경상남도_양산시,129.0435395,35.3531958
198,A1100018,베스티안병원,11101237,종합병원,지역응급의료기관,서울,"서울특별시 강남구 도곡로 429, (대치동)",서울특별시,강남구,서울특별시_강남구,127.0572059,37.4980415
199,A2400011,보령아산병원,34100024,종합병원,지역응급의료기관,충남,"충청남도 보령시 죽성로 136, (죽정동)",충청남도,보령시,충청남도_보령시,126.6235008,36.3805866
200,A1100036,부민병원,11101334,종합병원,지역응급의료기관,서울,"서울특별시 강서구 공항대로 389, (등촌동)",서울특별시,강서구,서울특별시_강서구,126.8509186,37.5568545
201,A1200024,부산광역시의료원,21100209,종합병원,지역응급의료기관,부산,"부산광역시 연제구 월드컵대로 359, (거제동)",부산광역시,연제구,부산광역시_연제구,129.059846,35.1870574
202,A1200013,부산성모병원(재단법인천주교부산교구유지재단),21100055,종합병원,지역응급의료기관,부산,"부산광역시 남구 용호로232번길 25-14, (용호동)",부산광역시,남구,부산광역시_남구,129.1091924,35.1105027
203,A2500010,부안성모병원,35100273,종합병원,지역응급의료기관,전북,"전라북도 부안군 부안읍 오정2길 24,",전라북도,부안군,전라북도_부안군,126.7344275,35.7246589
204,A2100051,부천대성병원,31100244,종합병원,지역응급의료기관,경기,"경기도 부천시 원미구 부천로 91, (심곡동, 부천대성병원)",경기도,부천시,경기도_부천시,126.7841912,37.4925467
205,A1200021,삼육부산병원,21100225,종합병원,지역응급의료기관,부산,"부산광역시 서구 대티로 170, (서대신동2가)",부산광역시,서구,부산광역시_서구,129.011061,35.1123614
206,A1500022,상무병원,36100480,종합병원,지역응급의료기관,광주,"광주광역시 서구 상무자유로 181-7, (치평동)",광주광역시,서구,광주광역시_서구,126.8538865,35.1527405
207,A2700011,상주적십자병원,37100408,종합병원,지역응급의료기관,경북,"경상북도 상주시 상서문로 53, (남성동)",경상북도,상주시,경상북도_상주시,128.1555287,36.4146699
208,A2400003,서산중앙병원,34100181,종합병원,지역응급의료기관,충남,"충청남도 서산시 수석산업로 5, (수석동)",충청남도,서산시,충청남도_서산시,126.5034172,36.7811115
209,A1700001,서울산보람병원,38100151,종합병원,지역응급의료기관,울산,"울산광역시 울주군 삼남면 중평로 53,",울산광역시,울주군,울산광역시_울주군,129.1208549,35.5599464
210,A1100050,서울성심병원,11100907,종합병원,지역응급의료기관,서울,"서울특별시 동대문구 왕산로 259, (청량리동)",서울특별시,동대문구,서울특별시_동대문구,127.0498254,37.5841854
211,A1100029,서울적십자병원,11100109,종합병원,지역응급의료기관,서울,"서울특별시 종로구 새문안로 9, (평동)",서울특별시,종로구,서울특별시_종로구,126.9672099,37.5675972
212,A1100022,서울특별시동부병원,11100133,종합병원,지역응급의료기관,서울,"서울특별시 동대문구 무학로 124, (용두동)",서울특별시,동대문구,서울특별시_동대문구,127.0315184,37.5753596
213,A2100011,성남중앙병원,31100074,종합병원,지역응급의료기관,경기,"경기도 성남시 중원구 산성대로476번길 12, (금광동)",경기도,성남시,경기도_성남시,127.1620202,37.4524899
214,A1100032,세란병원,11101059,종합병원,지역응급의료기관,서울,"서울특별시 종로구 통일로 256, (무악동)",서울특별시,종로구,서울특별시_종로구,126.957538,37.5752521
215,A2100016,순천의료재단정병원,31101046,종합병원,지역응급의료기관,경기,"경기도 성남시 수정구 수정로 76, (수진동)",경기도,성남시,경기도_성남시,127.1290286,37.4397987
216,A2600008,순천제일병원,36100722,종합병원,지역응급의료기관,전남,"전라남도 순천시 기적의도서관1길 3, (조례동)",전라남도,순천시,전라남도_순천시,127.5242229,34.9549161
217,A2600004,순천중앙병원,36100251,종합병원,지역응급의료기관,전남,"전라남도 순천시 장명로 5, (장천동)",전라남도,순천시,전라남도_순천시,127.4844442,34.9514905
218,A2100008,시화병원,31100643,종합병원,지역응급의료기관,경기,"경기도 시흥시 옥구천서로 337, (정왕동)",경기도,시흥시,경기도_시흥시,126.7245709,37.3529151
219,A1500006,신가병원,36100528,종합병원,지역응급의료기관,광주,"광주광역시 광산구 목련로 316, (신가동)",광주광역시,광산구,광주광역시_광산구,126.8296844,35.1774232
220,A2100013,신천연합병원,31100635,종합병원,지역응급의료기관,경기,"경기도 시흥시 복지로 57, (대야동)",경기도,시흥시,경기도_시흥시,126.7893762,37.4445206
221,A2402257,아산충무병원,34100342,종합병원,지역응급의료기관,충남,충청남도 아산시 문화로 381 (모종동),충청남도,아산시,충청남도_아산시,127.0197732,36.7791431
222,A1100041,에이치플러스양지병원,11101288,종합병원,지역응급의료기관,서울,"서울특별시 관악구 남부순환로 1636, (신림동)",서울특별시,관악구,서울특별시_관악구,126.9325731,37.4841322
223,A2600010,여수전남병원,36100471,종합병원,지역응급의료기관,전남,"전라남도 여수시 좌수영로 49, (광무동)",전라남도,여수시,전라남도_여수시,127.7279459,34.744984
224,A2100020,연세대의대부속용인세브란스병원,31100431,종합병원,지역응급의료기관,경기,"경기도 용인시 처인구 금학로 225, (역북동)",경기도,용인시,경기도_용인시,127.1885852,37.2391816
225,A2600015,영광종합병원,36100081,종합병원,지역응급의료기관,전남,"전라남도 영광군 영광읍 와룡로 3,",전라남도,영광군,전라남도_영광군,126.4991426,35.2844158
226,A2700017,영남대학교의과대학부속영천병원,37100335,종합병원,지역응급의료기관,경북,"경상북도 영천시 오수1길 10, (오수동)",경상북도,영천시,경상북도_영천시,128.9130386,35.9574115
227,A1200014,영도병원,21100535,종합병원,지역응급의료기관,부산,"부산광역시 영도구 태종로 85, (대교동2가)",부산광역시,영도구,부산광역시_영도구,129.0404998,35.0922005
228,A2100024,오산한국병원,31100961,종합병원,지역응급의료기관,경기,"경기도 오산시 밀머리로1번길 16, (원동)",경기도,오산시,경기도_오산시,127.075507,37.1413494
229,A2500012,오성의료재단동군산병원,35100222,종합병원,지역응급의료기관,전북,"전라북도 군산시 조촌로 149, (조촌동)",전라북도,군산시,전라북도_군산시,126.737102,35.9773839
230,A1400005,온누리병원,31101071,종합병원,지역응급의료기관,인천,"인천광역시 서구 완정로 197, (왕길동)",인천광역시,서구,인천광역시_서구,126.6545773,37.6027589
231,A1500010,운암한국병원,36100757,종합병원,지역응급의료기관,광주,"광주광역시 북구 북문대로 191, (운암동)",광주광역시,북구,광주광역시_북구,126.8698009,35.1852225
232,A2700019,의)근원의료재단경산중앙병원,37100483,종합병원,지역응급의료기관,경북,"경상북도 경산시 경안로 11, (백천동)",경상북도,경산시,경상북도_경산시,128.7401312,35.8092108
233,A2600034,의료법인거명의료재단영광기독병원,36100820,종합병원,지역응급의료기관,전남,"전라남도 영광군 영광읍 신남로 265,",전라남도,영광군,전라남도_영광군,126.5109017,35.2749531
234,A2800008,의료법인거붕의료재단거제白병원,38100045,종합병원,지역응급의료기관,경남,"경상남도 거제시 계룡로5길 14, (상동동)",경상남도,거제시,경상남도_거제시,128.626594,34.8731907
235,A2300013,의료법인건명의료재단진천성모병원,33100233,종합병원,지역응급의료기관,충북,"충청북도 진천군 진천읍 중앙북로 36,",충청북도,진천군,충청북도_진천군,127.4405922,36.8583221
236,A1200009,의료법인광혜의료재단광혜병원,21100454,종합병원,지역응급의료기관,부산,"부산광역시 동래구 충렬대로 96, (온천동,광혜병원)",부산광역시,동래구,부산광역시_동래구,129.0711622,35.2068423
237,A1400011,의료법인나사렛의료재단나사렛국제병원,31101011,종합병원,지역응급의료기관,인천,"인천광역시 연수구 먼우금로 98, (동춘동)",인천광역시,연수구,인천광역시_연수구,126.670494,37.4079497
238,A2500011,의료법인대산의료재단익산병원,35100168,종합병원,지역응급의료기관,전북,"전라북도 익산시 무왕로 973, (신동)",전라북도,익산시,전라북도_익산시,126.9662131,35.961317
239,A2800005,의료법인대우의료재단대우병원,38100126,종합병원,지역응급의료기관,경남,"경상남도 거제시 두모길 16, (두모동)",경상남도,거제시,경상남도_거제시,128.7217879,34.8718155
240,A1100025,의료법인동신의료재단동신병원,11100982,종합병원,지역응급의료기관,서울,"서울특별시 서대문구 연희로 272, (홍은동)",서울특별시,서대문구,서울특별시_서대문구,126.9364744,37.5813083
241,A2200003,의료법인동해동인병원,32100108,종합병원,지역응급의료기관,강원,"강원도 동해시 하평로 26, (평릉동)",강원도,동해시,강원도_동해시,129.1075007,37.5301128
242,A2300009,의료법인명지의료재단명지병원,33100225,종합병원,지역응급의료기관,충북,"충청북도 제천시 내토로 991, (고암동)",충청북도,제천시,충청북도_제천시,128.2339414,37.1635395
243,A2100022,의료법인박애의료재단박애병원,31100520,종합병원,지역응급의료기관,경기,"경기도 평택시 평택2로20번길 3, (평택동)",경기도,평택시,경기도_평택시,127.0890785,36.9930403
244,A2700009,의료법인삼백의료재단상주성모병원,37100459,종합병원,지역응급의료기관,경북,"경상북도 상주시 냉림서성길 7, (냉림동)",경상북도,상주시,경상북도_상주시,128.1599564,36.4205582
245,A2600002,의료법인서구의료재단여수성심병원,36100196,종합병원,지역응급의료기관,전남,"전라남도 여수시 둔덕5길 19, (둔덕동)",전라남도,여수시,전라남도_여수시,127.6990492,34.7656234
246,A2100027,의료법인석경의료재단센트럴병원,31100911,종합병원,지역응급의료기관,경기,"경기도 시흥시 공단1대로 237, (정왕동)",경기도,시흥시,경기도_시흥시,126.7281957,37.3367622
247,A2500009,의료법인석천재단고창병원,35100206,종합병원,지역응급의료기관,전북,"전라북도 고창군 고창읍 화신1길 9,",전라북도,고창군,전라북도_고창군,126.69336,35.436417
248,A2800022,의료법인성념의료재단맑은샘병원,38100576,종합병원,지역응급의료기관,경남,경상남도 거제시 거제대로 4477 (연초면),경상남도,거제시,경상남도_거제시,128.6835321,34.8962317
249,A1400008,의료법인성세의료재단성민병원,31100694,종합병원,지역응급의료기관,인천,"인천광역시 서구 칠천왕로33번길 17, (석남동)",인천광역시,서구,인천광역시_서구,126.6697525,37.5091716
250,A1700025,의료법인송은의료재단울산시티병원,38100592,종합병원,지역응급의료기관,울산,울산광역시 북구 산업로 1007,울산광역시,북구,울산광역시_북구,129.3588972,35.5828968
251,A1400013,의료법인안은의료재단부평세림병원,31100171,종합병원,지역응급의료기관,인천,"인천광역시 부평구 부평대로 175, (청천동)",인천광역시,부평구,인천광역시_부평구,126.7197408,37.5067777
252,A2113246,의료법인양진의료재단평택성모병원,31101224,종합병원,지역응급의료기관,경기,경기도 평택시 평택로 286 (세교동) 평택성모병원,경기도,평택시,경기도_평택시,127.0737446,37.0087454
253,A2600018,의료법인영성의료재단고흥종합병원,36100234,종합병원,지역응급의료기관,전남,"전라남도 고흥군 고흥읍 고흥로 1935,",전라남도,고흥군,전라남도_고흥군,127.2939471,34.6209187
254,A1600007,의료법인영훈의료재단유성선병원,34100288,종합병원,지역응급의료기관,대전,"대전광역시 유성구 북유성대로 93, (지족동)",대전광역시,유성구,대전광역시_유성구,127.324801,36.3751187
255,A1300008,의료법인운경의료재단곽병원,37100386,종합병원,지역응급의료기관,대구,"대구광역시 중구 국채보상로 531, (수동)",대구광역시,중구,대구광역시_중구,128.5886842,35.8707518
256,A1200008,의료법인은성의료재단좋은강안병원,21100586,종합병원,지역응급의료기관,부산,"부산광역시 수영구 수영로 493, (남천동)",부산광역시,수영구,부산광역시_수영구,129.11018,35.1501456
257,A1700011,의료법인은성의료재단좋은삼정병원,38100584,종합병원,지역응급의료기관,울산,울산광역시 남구 북부순환도로 51,울산광역시,남구,울산광역시_남구,129.2690436,35.5528444
258,A2100018,의료법인은혜와감사의료재단화성중앙종합병원,31100937,종합병원,지역응급의료기관,경기,"경기도 화성시 향남읍 발안로 5,",경기도,화성시,경기도_화성시,126.9107306,37.1312902
259,A1200006,의료법인인당의료재단부민병원,21100632,종합병원,지역응급의료기관,부산,"부산광역시 북구 만덕대로 59, (덕천동)",부산광역시,북구,부산광역시_북구,129.0112061,35.2118919
260,A1205143,의료법인인당의료재단해운대부민병원,21100641,종합병원,지역응급의료기관,부산,부산광역시 해운대구 해운대로 584 (우동),부산광역시,해운대구,부산광역시_해운대구,129.1556646,35.1614112
261,A2100006,의료법인인봉의료재단뉴고려병원,31101101,종합병원,지역응급의료기관,경기,"경기도 김포시 김포한강3로 283, (장기동)",경기도,김포시,경기도_김포시,126.6602003,37.6409262
262,A2300007,의료법인인화재단한국병원,33100144,종합병원,지역응급의료기관,충북,"충청북도 청주시 상당구 단재로 106, (영운동)",충청북도,청주시,충청북도_청주시,127.4963308,36.6197379
263,A2300003,의료법인정산재단효성병원,33100217,종합병원,지역응급의료기관,충북,"충청북도 청주시 상당구 쇠내로 16, (금천동)",충청북도,청주시,충청북도_청주시,127.4954059,36.6244112
264,A1200020,의료법인정선의료재단온종합병원,21100616,종합병원,지역응급의료기관,부산,"부산광역시 부산진구 가야대로 721, (당감동)",부산광역시,부산진구,부산광역시_부산진구,129.0498965,35.1578761
265,A1700028,의료법인정안의료재단중앙병원,38100622,종합병원,지역응급의료기관,울산,울산광역시 남구 문수로480번길 10,울산광역시,남구,울산광역시_남구,129.3051934,35.5315302
266,A1200017,의료법인정화의료재단김원묵기념봉생병원,21100462,종합병원,지역응급의료기관,부산,"부산광역시 동구 중앙대로 401, (좌천동)",부산광역시,동구,부산광역시_동구,129.0504607,35.1308926
267,A2900004,의료법인중앙의료재단이-중앙병원,39100111,종합병원,지역응급의료기관,제주,"제주특별자치도 제주시 동문로 72, (일도이동,중앙병원)",제주특별자치도,제주시,제주특별자치도_제주시,126.5344881,33.5132486
268,A1100023,의료법인청구성심병원,11100711,종합병원,지역응급의료기관,서울,"서울특별시 은평구 통일로 873, (갈현동)",서울특별시,은평구,서울특별시_은평구,126.9194747,37.6208622
269,A2800009,의료법인청아의료재단청아병원,38100401,종합병원,지역응급의료기관,경남,"경상남도 창원시 마산회원구 내서읍 광려천서로 67,",경상남도,창원시,경상남도_창원시,128.5096026,35.2479258
270,A2600005,의료법인한국의료재단순천한국병원,36100374,종합병원,지역응급의료기관,전남,"전라남도 순천시 우명길 42, (연향동)",전라남도,순천시,전라남도_순천시,127.5125288,34.9475949
271,A2300002,의료법인한마음의료재단하나병원,33100179,종합병원,지역응급의료기관,충북,"충청북도 청주시 흥덕구 2순환로 1262, (가경동)",충청북도,청주시,충청북도_청주시,127.4309453,36.623526
272,A2800017,의료법인합포의료재단MH연세병원,38100398,종합병원,지역응급의료기관,경남,"경상남도 창원시 마산합포구 3·15대로 76, (월남동2가)",경상남도,창원시,경상남도_창원시,128.5616035,35.1862912
273,A2600007,의료법인해민의료재단세안종합병원,36100773,종합병원,지역응급의료기관,전남,"전라남도 목포시 고하대로 795-2, (연산동)",전라남도,목포시,전라남도_목포시,126.3802441,34.8169114
274,A2600009,의료법인행촌의료재단해남병원,36100064,종합병원,지역응급의료기관,전남,"전라남도 해남군 해남읍 해남로 45,",전라남도,해남군,전라남도_해남군,126.6124908,34.5715863
275,A2900003,의료법인혜인의료재단한국병원,39100120,종합병원,지역응급의료기관,제주,제주특별자치도 제주시 서광로 193 (삼도일동),제주특별자치도,제주시,제주특별자치도_제주시,126.517068,33.5003382
276,A2800010,의료법인환명의료재단조은금강병원,38100495,종합병원,지역응급의료기관,경남,"경상남도 김해시 김해대로 1814-37, (삼계동)",경상남도,김해시,경상남도_김해시,128.8615594,35.262716
277,A2300011,의료법인힐링의료재단옥천성모병원,33100241,종합병원,지역응급의료기관,충북,"충청북도 옥천군 옥천읍 성왕로 1195,",충청북도,옥천군,충청북도_옥천군,127.5720373,36.3139025
278,A2200010,의산의료재단강릉고려병원,32100183,종합병원,지역응급의료기관,강원,"강원도 강릉시 옥가로 30, (옥천동)",강원도,강릉시,강원도_강릉시,128.8998621,37.7590099
279,A2100034,의정부백병원,31101194,종합병원,지역응급의료기관,경기,"경기도 의정부시 금신로 322, (신곡동)",경기도,의정부시,경기도_의정부시,127.0620316,37.7453507
280,A1400017,인천광역시의료원,31100015,종합병원,지역응급의료기관,인천,"인천광역시 동구 방축로 217, (송림동)",인천광역시,동구,인천광역시_동구,126.6692239,37.4784138
281,A1400009,인천기독병원,31100023,종합병원,지역응급의료기관,인천,"인천광역시 중구 답동로30번길 10, (율목동)",인천광역시,중구,인천광역시_중구,126.6320455,37.4712315
282,A1400007,인천백병원,31101216,종합병원,지역응급의료기관,인천,"인천광역시 동구 샛골로 214, 인천백병원내(송림동)",인천광역시,동구,인천광역시_동구,126.6458293,37.481698
283,A1400018,인천적십자병원,31100261,종합병원,지역응급의료기관,인천,"인천광역시 연수구 원인재로 263, (연수동)",인천광역시,연수구,인천광역시_연수구,126.6897498,37.4184815
284,A2600021,장흥병원,36100277,종합병원,지역응급의료기관,전남,"전라남도 장흥군 장흥읍 흥성로 74,",전라남도,장흥군,전라남도_장흥군,126.9109354,34.6771101
285,A1200023,재단법인천주교부산교구유지재단메리놀병원,21100012,종합병원,지역응급의료기관,부산,"부산광역시 중구 중구로 121, (대청동4가)",부산광역시,중구,부산광역시_중구,129.0322678,35.1073332
286,A1200027,재단법인한호기독교선교회일신기독병원,21100306,종합병원,지역응급의료기관,부산,부산광역시 동구 정공단로 34,부산광역시,동구,부산광역시_동구,129.0545442,35.135292
287,A2500008,정읍아산병원,35100036,종합병원,지역응급의료기관,전북,"전라북도 정읍시 충정로 606-22, (용계동)",전라북도,정읍시,전라북도_정읍시,126.8239163,35.588731
288,A1200026,좋은문화병원,21100543,종합병원,지역응급의료기관,부산,"부산광역시 동구 범일로 119, (범일동)",부산광역시,동구,부산광역시_동구,129.0589711,35.1407519
289,A2800015,진주고려병원,38100291,종합병원,지역응급의료기관,경남,"경상남도 진주시 동진로 2, (칠암동)",경상남도,진주시,경상남도_진주시,128.09205,35.1784898
290,A2800021,진해연세병원,38100436,종합병원,지역응급의료기관,경남,"경상남도 창원시 진해구 해원로32번길 13, (이동)",경상남도,창원시,경상남도_창원시,128.6984621,35.1546427
291,A2400010,충청남도공주의료원,34100130,종합병원,지역응급의료기관,충남,"충청남도 공주시 웅진로 130, (중동)",충청남도,공주시,충청남도_공주시,127.1247402,36.4519742
292,A2400005,충청남도천안의료원,34100156,종합병원,지역응급의료기관,충남,"충청남도 천안시 동남구 충절로 537, (삼룡동)",충청남도,천안시,충청남도_천안시,127.1794086,36.7752778
293,A2300006,충청북도청주의료원,33100012,종합병원,지역응급의료기관,충북,"충청북도 청주시 서원구 흥덕로 48, (사직동)",충청북도,청주시,충청북도_청주시,127.4734604,36.640565
294,A2300004,충청북도충주의료원,33100063,종합병원,지역응급의료기관,충북,"충청북도 충주시 안림로 239-50, (안림동)",충청북도,충주시,충청북도_충주시,127.9703469,36.9794906
295,A1300010,칠곡경북대학교병원,37100467,종합병원,지역응급의료기관,대구,"대구광역시 북구 호국로 807, (학정동)",대구광역시,북구,대구광역시_북구,128.5652836,35.9561463
296,A1200019,학교법인)동의병원,21100411,종합병원,지역응급의료기관,부산,"부산광역시 부산진구 양정로 62, (양정동)",부산광역시,부산진구,부산광역시_부산진구,129.0767824,35.1700071
297,A1200025,학교법인춘해병원,21100268,종합병원,지역응급의료기관,부산,"부산광역시 부산진구 중앙대로 605, (범천동,춘해병원)",부산광역시,부산진구,부산광역시_부산진구,129.0583705,35.1469136
298,A1500004,한국보훈복지공단광주보훈병원,36100137,종합병원,지역응급의료기관,광주,"광주광역시 광산구 첨단월봉로 99, (산월동)",광주광역시,광산구,광주광역시_광산구,126.849212,35.2079865
299,A1300011,한국보훈복지의료공단대구보훈병원,37100220,종합병원,지역응급의료기관,대구,"대구광역시 달서구 월곡로 60, (도원동)",대구광역시,달서구,대구광역시_달서구,128.5521708,35.8031636
300,A1200016,한국보훈복지의료공단부산보훈병원,21100292,종합병원,지역응급의료기관,부산,"부산광역시 사상구 백양대로 420, (주례동)",부산광역시,사상구,부산광역시_사상구,129.007464,35.1534229
301,A1100027,한국원자력의학원원자력병원,11101296,종합병원,지역응급의료기관,서울,"서울특별시 노원구 노원로 75, (공릉동)",서울특별시,노원구,서울특별시_노원구,127.0826413,37.6290554
302,A1200012,해동병원,21100314,종합병원,지역응급의료기관,부산,부산광역시 영도구 태종로 133,부산광역시,영도구,부산광역시_영도구,129.0437983,35.0920009
303,A2100037,현대병원,31101003,종합병원,지역응급의료기관,경기,"경기도 남양주시 진접읍 장현로 52,",경기도,남양주시,경기도_남양주시,127.1794853,37.7152947
304,A1400004,현대유비스병원,31101160,종합병원,지역응급의료기관,인천,"인천광역시 남구 독배로 503, (숭의동)",인천광역시,남구,인천광역시_남구,126.6431596,37.4617638
305,A1700003,혜명심의료재단울산병원,38100321,종합병원,지역응급의료기관,울산,울산광역시 남구 월평로171번길 13,울산광역시,남구,울산광역시_남구,129.3230878,35.5462428
306,A1100051,혜민병원,11100761,종합병원,지역응급의료기관,서울,"서울특별시 광진구 자양로 85, (자양동)",서울특별시,광진구,서울특별시_광진구,127.0834859,37.5352635
307,A1100019,홍익병원,11100923,종합병원,지역응급의료기관,서울,"서울특별시 양천구 목동로 225, (신정동,홍익병원)",서울특별시,양천구,서울특별시_양천구,126.8636632,37.5284873
308,A2200014,홍천아산병원,32100175,종합병원,지역응급의료기관,강원,"강원도 홍천군 홍천읍 산림공원1길 17,",강원도,홍천군,강원도_홍천군,127.8946288,37.6906566
309,A1100049,희명병원,11100991,종합병원,지역응급의료기관,서울,"서울특별시 금천구 시흥대로 244, (시흥동)",서울특별시,금천구,서울특별시_금천구,126.900584,37.4556812
310,A1200028,(의)서일의료재단기장병원,21201561,병원,지역응급의료기관,부산,부산광역시 기장군 대청로72번길 17 (기장읍),부산광역시,기장군,부산광역시_기장군,129.2166671,35.23487
311,A1300110,W(더블유)병원,37202901,병원,지역응급의료기관,대구,대구광역시 달서구 달구벌대로 1632 W(더블유)병원,대구광역시,달서구,대구광역시_달서구,128.5449631,35.8526432
312,A2800032,강병원,38202956,병원,지역응급의료기관,경남,"경상남도 고성군 고성읍 중앙로 49,",경상남도,고성군,경상남도_고성군,128.3254121,34.9741173
313,A1400034,강화병원,31200451,병원,지역응급의료기관,인천,"인천광역시 강화군 강화읍 강화대로312번길 11,",인천광역시,강화군,인천광역시_강화군,126.4961252,37.7425248
314,A2600029,곡성사랑병원,36202657,병원,지역응급의료기관,전남,"전라남도 곡성군 곡성읍 곡성로 761,",전라남도,곡성군,전라남도_곡성군,127.2879867,35.276344
315,A2600061,구례병원,36201651,병원,지역응급의료기관,전남,"전라남도 구례군 구례읍 동편제길 4,",전라남도,구례군,전라남도_구례군,127.4636659,35.2158822
316,A1200045,구포성심병원,21200432,병원,지역응급의료기관,부산,"부산광역시 북구 낙동대로 1786, (구포동)",부산광역시,북구,부산광역시_북구,129.0046989,35.2096836
317,A2500054,군산한국병원,35201673,병원,지역응급의료기관,전북,"전라북도 군산시 백토로 33, (문화동)",전라북도,군산시,전라북도_군산시,126.7061296,35.9762698
318,A1700010,굿모닝병원,38202042,병원,지역응급의료기관,울산,"울산광역시 남구 삼산로 110, (달동)",울산광역시,남구,울산광역시_남구,129.3199459,35.5348667
319,A2200038,근로복지공단동해병원,32200935,병원,지역응급의료기관,강원,"강원도 동해시 하평로 11, (평릉동)",강원도,동해시,강원도_동해시,129.1061178,37.5322342
320,A2200048,근로복지공단정선병원,32200927,병원,지역응급의료기관,강원,"강원도 정선군 정선읍 봉양1길 145,",강원도,정선군,강원도_정선군,128.6589853,37.383159
321,A2500038,김제우석병원,35202076,병원,지역응급의료기관,전북,"전라북도 김제시 서암4길 45, (서암동)",전라북도,김제시,전라북도_김제시,126.8801288,35.8073097
322,A1700008,남울산보람병원,38200775,병원,지역응급의료기관,울산,"울산광역시 울주군 온양읍 덕남로 233,",울산광역시,울주군,울산광역시_울주군,129.2985826,35.4222089
323,A2600054,담양사랑병원,36203629,병원,지역응급의료기관,전남,"전라남도 담양군 담양읍 천변7길 19,",전라남도,담양군,전라남도_담양군,126.9826709,35.3152825
324,A2700038,대남의료재단청도대남병원,37200542,병원,지역응급의료기관,경북,"경상북도 청도군 화양읍 청화로 79-7,",경상북도,청도군,경상북도_청도군,128.736803,35.6486323
325,A2600051,대우병원,36202487,병원,지역응급의료기관,전남,"전라남도 신안군 비금면 송치길 155-11,",전라남도,신안군,전라남도_신안군,125.9324741,34.7222495
326,A2500056,대자인병원,35201771,병원,지역응급의료기관,전북,"전라북도 전주시 덕진구 견훤로 390, (우아동3가)",전라북도,전주시,전라북도_전주시,127.1533777,35.8459483
327,A1300034,드림병원,37203011,병원,지역응급의료기관,대구,"대구광역시 남구 대명로 153, (대명동)",대구광역시,남구,대구광역시_남구,128.5744734,35.8395988
328,A1100114,메디힐병원,11204681,병원,지역응급의료기관,서울,"서울특별시 양천구 남부순환로 331, (신월동)",서울특별시,양천구,서울특별시_양천구,126.8278542,37.5372467
329,A2700026,명성의료재단영양병원,37200780,병원,지역응급의료기관,경북,경상북도 영양군 영양읍 동서대로 75,경상북도,영양군,경상북도_영양군,129.1175951,36.6625391
330,A2400029,미래한국병원,34201734,병원,지역응급의료기관,충남,"충청남도 아산시 번영로230번길 13, (모종동)",충청남도,아산시,충청남도_아산시,127.016522,36.7828381
331,A2800084,반도병원,38201445,병원,지역응급의료기관,경남,"경상남도 진주시 남강로 701, (장대동)",경상남도,진주시,경상남도_진주시,128.0882874,35.1916806
332,A2100249,백성병원,31201644,병원,지역응급의료기관,경기,"경기도 수원시 팔달구 인계로 102, (인계동)",경기도,수원시,경기도_수원시,127.0286285,37.2677405
333,A2700071,봉화해성병원,37200551,병원,지역응급의료기관,경북,"경상북도 봉화군 봉화읍 보밑길 3,",경상북도,봉화군,경상북도_봉화군,128.7333957,36.8917371
334,A2800055,삼성합천병원,38204681,병원,지역응급의료기관,경남,경상남도 합천군 대야로 876 (합천읍),경상남도,합천군,경상남도_합천군,128.163338,35.5664429
335,A1300045,삼일병원,37204190,병원,지역응급의료기관,대구,"대구광역시 달서구 월배로 446, (송현동)",대구광역시,달서구,대구광역시_달서구,128.5543807,35.8329783
336,A2800101,삼천포제일병원,38203031,병원,지역응급의료기관,경남,"경상남도 사천시 중앙로 136, (벌리동)",경상남도,사천시,경상남도_사천시,128.0795084,34.93754
337,A1100172,서울현대병원,11203668,병원,지역응급의료기관,서울,"서울특별시 강북구 도봉로 374, (번동)",서울특별시,강북구,서울특별시_강북구,127.0284669,37.640272
338,A2700030,성주혜성병원,37201069,병원,지역응급의료기관,경북,"경상북도 성주군 성주읍 성주읍3길 5-3,",경상북도,성주군,경상북도_성주군,128.2865655,35.9187572
339,A1200081,세웅병원,21203121,병원,지역응급의료기관,부산,"부산광역시 금정구 서동로 162, (서동)",부산광역시,금정구,부산광역시_금정구,129.1039034,35.2143541
340,A1500071,송정사랑병원,36203637,병원,지역응급의료기관,광주,"광주광역시 광산구 송도로 232, (송정동)",광주광역시,광산구,광주광역시_광산구,126.7973752,35.1341833
341,A2600052,아산사회복지재단보성아산병원,36202321,병원,지역응급의료기관,전남,"전라남도 보성군 미력면 가평길 36-17,",전라남도,보성군,전라남도_보성군,127.1050701,34.7764899
342,A2100134,양주예쓰병원,31205194,병원,지역응급의료기관,경기,"경기도 양주시 회정로 103, (덕정동)",경기도,양주시,경기도_양주시,127.0645667,37.8377333
343,A2100089,양평병원,31201695,병원,지역응급의료기관,경기,"경기도 양평군 양평읍 중앙로 129,",경기도,양평군,경기도_양평군,127.5034901,37.4940472
344,A2100194,여주고려병원,31204783,병원,지역응급의료기관,경기,"경기도 여주시 청심로 47, (하동)",경기도,여주시,경기도_여주시,127.6265168,37.3012425
345,A2700060,영주가톨릭병원,37204165,병원,지역응급의료기관,경북,"경상북도 영주시 번영로 176, (영주동)",경상북도,영주시,경상북도_영주시,128.6249931,36.8268419
346,A2700031,영주기독병원,37200411,병원,지역응급의료기관,경북,"경상북도 영주시 구성로 380, (영주동)",경상북도,영주시,경상북도_영주시,128.6210457,36.8252675
347,A2400015,예산명지병원,34201645,병원,지역응급의료기관,충남,"충청남도 예산군 예산읍 신례원로 26,",충청남도,예산군,충청남도_예산군,126.8343324,36.7135523
348,A2700023,예천권병원,37200712,병원,지역응급의료기관,경북,"경상북도 예천군 예천읍 시장로 136,",경상북도,예천군,경상북도_예천군,128.4590393,36.6573092
349,A2300021,오창중앙병원,33200831,병원,지역응급의료기관,충북,"충청북도 청주시 청원구 오창읍 중부로 683,",충청북도,청주시,충청북도_청주시,127.4296715,36.7068087
350,A2600032,완도대성병원,36201103,병원,지역응급의료기관,전남,"전라남도 완도군 완도읍 청해진동로 63,",전라남도,완도군,전라남도_완도군,126.7355534,34.317042
351,A2700052,울진군의료원,37201603,병원,지역응급의료기관,경북,"경상북도 울진군 울진읍 현내항길 71,",경상북도,울진군,경상북도_울진군,129.4098503,36.9925332
352,A1100152,은평연세병원,11204605,병원,지역응급의료기관,서울,서울특별시 은평구 연서로 177 (갈현동),서울특별시,은평구,서울특별시_은평구,126.9174235,37.6146714
353,A2800090,의령병원,38203626,병원,지역응급의료기관,경남,"경상남도 의령군 의령읍 의병로14길 10,",경상남도,의령군,경상남도_의령군,128.2586864,35.3186361
354,A1200102,의료법인고려의료재단부산고려병원,21202079,병원,지역응급의료기관,부산,"부산광역시 남구 수영로 238, (대연동)",부산광역시,남구,부산광역시_남구,129.0926034,35.1349007
355,A2700070,의료법인고령영생병원,37200607,병원,지역응급의료기관,경북,"경상북도 고령군 고령읍 중앙로 33,",경상북도,고령군,경상북도_고령군,128.2720699,35.7299791
356,A2300034,의료법인대광의료재단괴산성모병원,33200998,병원,지역응급의료기관,충북,"충청북도 괴산군 괴산읍 임꺽정로 116,",충청북도,괴산군,충청북도_괴산군,127.7842493,36.815591
357,A2803301,의료법인보원의료재단웅상중앙병원,38205009,병원,지역응급의료기관,경남,경상남도 양산시 서창로 59 (명동),경상남도,양산시,경상남도_양산시,129.1645442,35.4062973
358,A2700024,의료법인삼현의료재단선산제일병원,37203771,병원,지역응급의료기관,경북,"경상북도 구미시 고아읍 선산대로 1116,",경상북도,구미시,경상북도_구미시,128.316368,36.2171833
359,A2600066,의료법인삼호의료재단벌교삼호병원,36201987,병원,지역응급의료기관,전남,"전라남도 보성군 벌교읍 남하로 12,",전라남도,보성군,전라남도_보성군,127.3454975,34.8339201
360,A2700036,의료법인서명의료재단세명병원,37201743,병원,지역응급의료기관,경북,"경상북도 경산시 경안로 208, 208(중방동)",경상북도,경산시,경상북도_경산시,128.7370908,35.8262463
361,A2700067,의료법인서일의료재단문경중앙병원,37202227,병원,지역응급의료기관,경북,"경상북도 문경시 중앙로 117-18, (점촌동)",경상북도,문경시,경상북도_문경시,128.1990894,36.5960147
362,A2200037,의료법인성심의료재단양구성심병원,32200528,병원,지역응급의료기관,강원,"강원도 양구군 양구읍 양남로 1,",강원도,양구군,강원도_양구군,127.9911179,38.105381
363,A2200024,의료법인성지의료재단성지병원,32200510,병원,지역응급의료기관,강원,"강원도 원주시 원일로 22, (인동)",강원도,원주시,강원도_원주시,127.9542893,37.3455178
364,A1200101,의료법인센텀의료재단서부산센텀병원,21202648,병원,지역응급의료기관,부산,"부산광역시 사상구 새벽로 226, (괘법동)",부산광역시,사상구,부산광역시_사상구,128.9845643,35.1611829
365,A2800068,의료법인승연의료재단삼천포서울병원,38204002,병원,지역응급의료기관,경남,"경상남도 사천시 남일로 33, (동금동)",경상남도,사천시,경상남도_사천시,128.0802266,34.9331133
366,A2800023,의료법인아림의료재단서경병원,38201089,병원,지역응급의료기관,경남,"경상남도 거창군 거창읍 강남로 16-28,",경상남도,거창군,경상남도_거창군,127.89739,35.6813623
367,A2700063,의료법인영제의료재단영남제일병원,37202618,병원,지역응급의료기관,경북,"경상북도 의성군 안계면 용기4길 36,",경상북도,의성군,경상북도_의성군,128.4340713,36.3890539
368,A2800094,의료법인이도의료재단남해병원,38200929,병원,지역응급의료기관,경남,"경상남도 남해군 남해읍 화전로 169,",경상남도,남해군,경상남도_남해군,127.894413,34.8465338
369,A2800037,의료법인자혜의료재단진주복음병원,38204746,병원,지역응급의료기관,경남,"경상남도 진주시 진양호로 370, (신안동)",경상남도,진주시,경상남도_진주시,128.0693728,35.1853288
370,A2600068,의료법인장호의료재단녹동현대병원,36201383,병원,지역응급의료기관,전남,"전라남도 고흥군 도양읍 차경구렁목길 215,",전라남도,고흥군,전라남도_고흥군,127.1456635,34.5462646
371,A2300017,의료법인정민의료재단보은한양병원,33201081,병원,지역응급의료기관,충북,"충청북도 보은군 보은읍 보은로 102,",충청북도,보은군,충청북도_보은군,127.7182789,36.4832937
372,A2100066,의료법인제일성심의료재단제이에스병원,31203957,병원,지역응급의료기관,경기,"경기도 김포시 통진읍 흥신로 320-10,",경기도,김포시,경기도_김포시,126.6084588,37.683782
373,A2300030,의료법인조윤의료재단영동병원,33200726,병원,지역응급의료기관,충북,"충청북도 영동군 영동읍 대학로 106,",충청북도,영동군,충청북도_영동군,127.780977,36.1851443
374,A2200006,의료법인철원길병원,32201150,병원,지역응급의료기관,강원,"강원도 철원군 갈말읍 명성로 208,",강원도,철원군,강원도_철원군,127.3080131,38.1501312
375,A2700069,의료법인청봉의료재단성누가병원,37201972,병원,지역응급의료기관,경북,"경상북도 영주시 구성로 329, (영주동)",경상북도,영주시,경상북도_영주시,128.6245134,36.8216086
376,A2100282,의료법인청심의료재단청심국제병원,31204104,병원,지역응급의료기관,경기,경기도 가평군 미사리로 267-177 (설악면) 청심국제병원,경기도,가평군,경기도_가평군,127.5217523,37.6907432
377,A2300015,의료법인태성의료재단금왕태성병원,33201129,병원,지역응급의료기관,충북,"충청북도 음성군 금왕읍 음성로1230번길 10,",충청북도,음성군,충청북도_음성군,127.5984369,36.9975052
378,A1100075,의료법인풍산의료재단동부제일병원,11205890,병원,지역응급의료기관,서울,"서울특별시 중랑구 망우로 511, (망우동)",서울특별시,중랑구,서울특별시_중랑구,127.1093088,37.6006607
379,A2600027,의료법인한마음의료재단제일병원,36201162,병원,지역응급의료기관,전남,"전라남도 여수시 쌍봉로 70, (학동)",전라남도,여수시,전라남도_여수시,127.6635333,34.7659812
380,A2500018,의료법인혜성병원,35200219,병원,지역응급의료기관,전북,"전라북도 부안군 부안읍 부령로 33,",전라북도,부안군,전라북도_부안군,126.7461404,35.7326137
381,A2100122,의료법인효심의료재단용인서울병원,31204112,병원,지역응급의료기관,경기,"경기도 용인시 처인구 고림로 81, (고림동)",경기도,용인시,경기도_용인시,127.214574,37.2403751
382,A1400037,인천광역시의료원백령병원,31202098,병원,지역응급의료기관,인천,인천광역시 옹진군 백령면 백령로 233,인천광역시,옹진군,인천광역시_옹진군,124.7209583,37.967821
383,A2500039,일암의료재단 고려병원,35201835,병원,지역응급의료기관,전북,"전라북도 완주군 삼례읍 동학로 21, 고려병원",전라북도,완주군,전라북도_완주군,127.0743931,35.9097363
384,A2600035,장성병원,36202363,병원,지역응급의료기관,전남,"전라남도 장성군 장성읍 역전로 171,",전라남도,장성군,전라남도_장성군,126.7835692,35.3058811
385,A2600037,장흥우리병원,36202185,병원,지역응급의료기관,전남,"전라남도 장흥군 장흥읍 흥성로 83,",전라남도,장흥군,전라남도_장흥군,126.9109836,34.6784267
386,A2600053,전남중앙병원,36203041,병원,지역응급의료기관,전남,"전라남도 목포시 고하대로 724, (산정동)",전라남도,목포시,전라남도_목포시,126.3759225,34.8104541
387,A2600050,전라남도강진의료원,36200271,병원,지역응급의료기관,전남,"전라남도 강진군 강진읍 탐진로 5,",전라남도,강진군,전라남도_강진군,126.7583262,34.6366639
388,A2600056,전라남도순천의료원,36200328,병원,지역응급의료기관,전남,전라남도 순천시 서문성터길 2 (매곡동),전라남도,순천시,전라남도_순천시,127.4836028,34.9582208
389,A2600040,진도한국병원,36200689,병원,지역응급의료기관,전남,"전라남도 진도군 진도읍 옥주길 2,",전라남도,진도군,전라남도_진도군,126.2625712,34.4843235
390,A2502031,진안군의료원,35202017,병원,지역응급의료기관,전북,전라북도 진안군 진안읍 진무로 1145,전라북도,진안군,전라북도_진안군,127.4321421,35.795249
391,A2100155,참조은병원,31207707,병원,지역응급의료기관,경기,경기도 광주시 광주대로 45,경기도,광주시,경기도_광주시,127.260163,37.4108306
392,A2100150,추병원,31201717,병원,지역응급의료기관,경기,"경기도 의정부시 평화로 650, (의정부동)",경기도,의정부시,경기도_의정부시,127.0450902,37.7498189
393,A2800147,태광의료재단함안중앙병원,38204673,병원,지역응급의료기관,경남,"경상남도 함안군 산인면 가야로 238,",경상남도,함안군,경상남도_함안군,128.4269306,35.2781907
394,A2800062,태황의료재단한성병원,38204177,병원,지역응급의료기관,경남,"경상남도 창녕군 창녕읍 교리1길 2,",경상남도,창녕군,경상남도_창녕군,128.4935358,35.5421439
395,A2800049,통영서울병원,38202913,병원,지역응급의료기관,경남,"경상남도 통영시 광도면 남해안대로 857,",경상남도,통영시,경상남도_통영시,128.4149772,34.8700675
396,A2800036,하동병원,38202646,병원,지역응급의료기관,경남,"경상남도 하동군 하동읍 화심길 25,",경상남도,하동군,경상남도_하동군,127.7382676,35.0826082
397,A2400038,학교법인건양학교건양대학교부여병원,34201700,병원,지역응급의료기관,충남,충청남도 부여군 계백로 200 (부여읍),충청남도,부여군,충청남도_부여군,126.9021344,36.2750477
398,A2800043,한일병원,38200660,병원,지역응급의료기관,경남,"경상남도 진주시 대신로 120, (상평동)",경상남도,진주시,경상남도_진주시,128.1185538,35.1709848
399,A2800080,함양성심병원,38200937,병원,지역응급의료기관,경남,"경상남도 함양군 함양읍 고운로 70,",경상남도,함양군,경상남도_함양군,127.7293236,35.5204417
400,A2600077,해남우리병원,36202649,병원,지역응급의료기관,전남,"전라남도 해남군 옥천면 해남로 597,",전라남도,해남군,전라남도_해남군,126.6464711,34.5842724
401,A2600064,해남한국병원,36201731,병원,지역응급의료기관,전남,"전라남도 해남군 해남읍 중앙2로 123,",전라남도,해남군,전라남도_해남군,126.5956889,34.566914
402,A2600048,화순고려병원,36204269,병원,지역응급의료기관,전남,"전라남도 화순군 화순읍 충의로 109,",전라남도,화순군,전라남도_화순군,126.9896017,35.0560564
403,A2600043,화순성심병원,36203432,병원,지역응급의료기관,전남,전라남도 화순군 화순읍 만연로 31,전라남도,화순군,전라남도_화순군,126.9898793,35.0584384
404,A2600026,화순중앙병원,36204242,병원,지역응급의료기관,전남,"전라남도 화순군 화순읍 칠충로 101,",전라남도,화순군,전라남도_화순군,126.9807788,35.0585696
405,A2400032,화인메트로병원,34201751,병원,지역응급의료기관,충남,"충청남도 천안시 서북구 원두정3길 37, (두정동)",충청남도,천안시,충청남도_천안시,127.1371954,36.8335006
406,A2200016,횡성대성병원,32200145,병원,지역응급의료기관,강원,"강원도 횡성군 횡성읍 횡성로 275,",강원도,횡성군,강원도_횡성군,127.9799425,37.4784097
407,A1800001,효성세종병원,34202447,병원,지역응급의료기관,세종,세종특별자치시 새내1길 6 (조치원읍),세종특별자치시,세종시,세종특별자치시_세종시,127.2984754,36.5969012
408,E2500019,무주군보건의료원,35770040,보건의료원,지역응급의료기관,전북,"전라북도 무주군 무주읍 한풍루로 413,",전라북도,무주군,전라북도_무주군,127.6716895,36.0058705
409,E2800380,산청군보건의료원,38770024,보건의료원,지역응급의료기관,경남,경상남도 산청군 산청읍 중앙로 97 산청군보건의료원,경상남도,산청군,경상남도_산청군,127.8842276,35.4160472
410,E2500021,순창군보건의료원,35770015,보건의료원,지역응급의료기관,전북,전북 순창군 순창읍 교성로 135,전라북도,순창군,전라북도_순창군,127.1438949,35.3668734
411,E2100187,연천군보건의료원,31770011,보건의료원,지역응급의료기관,경기,경기도 연천군 전곡읍 은대성로 95,경기도,연천군,경기도_연천군,127.0609007,38.0234517
412,E2700553,울릉군보건의료원,37770039,보건의료원,지역응급의료기관,경북,"경상북도 울릉군 울릉읍 울릉순환로 396-18,",경상북도,울릉군,경상북도_울릉군,130.8988298,37.4858931
413,E2500022,임실군보건의료원,35770023,보건의료원,지역응급의료기관,전북,"전라북도 임실군 임실읍 호국로 1680,",전라북도,임실군,전라북도_임실군,127.2870833,35.6126231
414,E2500020,장수군보건의료원,35770031,보건의료원,지역응급의료기관,전북,"전라북도 장수군 장수읍 장천로 247,",전라북도,장수군,전라북도_장수군,127.5195014,35.6546776
415,E2700554,청송군보건의료원,37770012,보건의료원,지역응급의료기관,경북,"경상북도 청송군 청송읍 의료원길 19,",경상북도,청송군,경상북도_청송군,129.0521048,36.4310806
416,E2400032,청양군보건의료원,34770011,보건의료원,지역응급의료기관,충남,충청남도 청양군 청양읍 칠갑산로7길 54,충청남도,청양군,충청남도_청양군,126.8048347,36.4550845
417,E2400033,태안군보건의료원,34770020,보건의료원,지역응급의료기관,충남,충청남도 태안군 태안읍 서해로 1952-16,충청남도,태안군,충청남도_태안군,126.3233093,36.7517484
418,E2200026,평창군보건의료원,32770022,보건의료원,지역응급의료기관,강원,"강원도 평창군 평창읍 종부로 61,",강원도,평창군,강원도_평창군,128.3890288,37.360467
419,E2200025,화천군보건의료원,32770014,보건의료원,지역응급의료기관,강원,"강원도 화천군 화천읍 강변로 111,",강원도,화천군,강원도_화천군,127.7091123,38.1072917
420,A2100258,국군수도병원,31203744,군 병원,지역응급의료기관,경기,"경기도 성남시 분당구 새마을로177번길 81, (율동)",경기도,성남시,경기도_성남시,127.1491102,37.3938101
